<?xml version="1.0" encoding="UTF-8"?>

<Patient xmlns="http://hl7.org/fhir">
  <id value="ExamplePatient-Turn"/>
  <meta>
    <profile value="http://health.turn.io/fhir/patient/StructureDefinition/turn-patient"/>
  </meta>
  <text>
    <status value="generated"/><div xmlns="http://www.w3.org/1999/xhtml"><p class="res-header-id"><b>Generated Narrative: Patient ExamplePatient-Turn</b></p><a name="ExamplePatient-Turn"> </a><a name="hcExamplePatient-Turn"> </a><a name="ExamplePatient-Turn-en-US"> </a><div style="display: inline-block; background-color: #d9e0e7; padding: 6px; margin: 4px; border: 1px solid #8da1b4; border-radius: 5px; line-height: 60%"><p style="margin-bottom: 0px"/><p style="margin-bottom: 0px">Profile: <a href="StructureDefinition-turn-patient.html">Turn Health Patient Profile</a></p></div><p style="border: 1px #661aff solid; background-color: #e6e6ff; padding: 10px;">Mukombo Lucy  Female, DoB: 1992-11-19 ( National Identifier for South Africa (use: official, ))</p><hr/><table class="grid"><tr><td style="background-color: #f3f5da" title="Ways to contact the Patient">Contact Detail</td><td colspan="3"><ul><li/><li>45 Rivonia Road Johannesburg 2128 ZA </li></ul></td></tr></table></div>
  </text>
  <identifier>
    <use value="official"/>
    <type>
      <coding>
        <system value="http://terminology.hl7.org/CodeSystem/v2-0203"/>
        <code value="NNZAF"/>
      </coding>
    </type>
    <system value="https://www.gov.za/south-african-id-number"/>
    <value value="8501155001088"/>
  </identifier>
  <name>
    <family value="Lucy"/>
    <given value="Mukombo"/>
  </name>
  <telecom>
    <system value="mobile"/>
    <value value="+263772123456"/>
  </telecom>
  <gender value="female"/>
  <birthDate value="1992-11-19"/>
  <address>
    <line value="45 Rivonia Road"/>
    <city value="Johannesburg"/>
    <postalCode value="2128"/>
    <country value="ZA"/>
  </address>
</Patient>